,Notifier,N_Count
0,GR0V,172
1,Imam,98
2,Mister Spy,66
3,Royal Battler BD,66
4,ErrOr SquaD,64
5,ifactoryx,55
6,ManToed,51
7,Moroccan Revolution,50
8,mhamdi_jeber,47
9,Mr.ToKeiChun69,44
10,UnM@SK,37
11,God Attacker,34
12,MR.Donut's,33
13,chinafans,27
14,Mr.Kro0oz.305,24
15,Raiz0WorM,21
16,h0d3_g4n,20
17,RMX team,19
18,zakiloup,19
19,SynnX,18
20,Anon H4x0r,18
21,Html404,17
22,Panataran,16
23,C0RT3X,16
24,Gend3ruw0,15
25,MiSh,14
26,/MrAxxCT-,13
27,Mr.xBarakuda,13
28,Isal Dot ID,13
29,-1,13
30,Ali Afee,12
31,Mrb3hz4d,12
32,kowalskyi,10
33,Explosion Squad Cyber,10
34,Badc0de,10
35,mr.anderson,10
36,Jax_BCD,9
37,Trenggalek Cyber Army,8
38,Astra,8
39,Phenix-TN,8
40,Jakarta Paranoid,7
41,./NatsukiChan,7
42,tru dz,7
43,Clash Hackers,7
44,Hector,6
45,Mr.CrAcKeR,6
46,suliman_hacker,6
47,Aurora-X,6
48,./Mr-0mba404,6
49,BILGEKULTIGIN,6
50,BD GREY HAT HACKERS,6
51,Xsam Xadoo Bot,5
52,Semtex,5
53,Bla3k_D3vil,5
54,HelpMaster,5
55,Siraak_,5
56,Wissem Mahfoud,5
57,pajaR_19,4
58,VandaTheGod,4
59,Kareem_Hacker,4
60,./Mr403Forbidden,4
61,TeaM_CC,4
62,Family Attack Cyber,4
63,MR.Donut,4
64,N3T1z3N,4
65,PacmanCorp,4
66,Poisonus Virus,4
67,EgyptTop,4
68,Mürrez,4
69,ColdHackers,4
70,BANGLADESH CYBER GHO5T,3
71,crash-d4rk-h4cker,3
72,KingSam,3
73,Xbrang Wolf,3
74,KkK1337,3
75,Indonesia Santet Crew,3
76,W3LL SQUAD,3
77,Ayyıldız Tim,3
78,Dasha 0xVinca,3
79,Hawleri_hacker,3
80,KrdSec,3
81,DeadsOul,3
82,Fighter Kamrul,3
83,XB34N'Z,3
84,SLNTAR,3
85,Quizy Squad,3
86,p0r7s,2
87,./Ikari404,2
88,./Juba_Dz,2
89,SatTaR,2
90,R0DD3CK,2
91,ramzi baalla,2
92,Mo3Gza HaCkEr,2
93,r00t-kech,2
94,PhantomGhost,2
95,Sorong6etar,2
96,PaWL,2
97,Society-Squad,2
98,./ExCaKun,2
99,./D34TH!N0T3,2
100,Simsimi,2
101,Mr$03,2
102,ynR !,2
103,METRO LAMPUNG INDONESIA Cyber Team,2
104,1923Turk,2
105,AyyÄ±ldÄ±z Tim,2
106,Ameer Hawlery,2
107,./er0sensei1337,2
108,Crazy Killer,2
109,abdolatif,2
110,XwoLfTn,2
111,mr.h4r1,2
112,GeNErAL,2
113,Alqiyaramdana,2
114,0x,2
115,Vijune15,2
116,Infinity Cyber Team,2
117,Türk Börü Siber Tim,2
118,L4663R666H05T,2
119,KURD ELECTRONIC TEAM,2
120,Kosova Hacker Army,2
121,Weedatae,1
122,darkshadow-tn,1
123,jok3r,1
124,vandilearnstr7,1
125,Salman Hacker,1
126,hijabers,1
127,noyan_kaos,1
128,djawa.hattab,1
129,Sicantik,1
130,SilentClown,1
131,d-makaveli,1
132,xNot_RespondinGx,1
133,Turkz.org,1
134,abdullah38,1
135,TH4N0S,1
136,ZoRRoKİN,1
137,Turksiberkorsan,1
138,Vaint,1
139,xBnMx,1
140,M3T4L,1
141,Red hell sofyan,1
142,Aslan Neferler Tim,1
143,Cyber Terminator Army,1
144,Con7ext,1
145,By_DAVACI,1
146,By Narkoz,1
147,Burmese Alliance Defacers Network,1
148,Blacksmoke,1
149,Black Cyber Forest Hackers - BCFH,1
150,Belalang-R00t,1
151,BabyMoon,1
152,BL!ND EyE,1
153,B0RU70,1
154,Av3LoXiS,1
155,AnonGhost Indonesia,1
156,RUTH72_,1
157,Anass Ibn El Farouk,1
158,AlabÃ¶rÃ¼Tim,1
159,Abu-Omar,1
160,AYYILDIZ TİM,1
161,75n1,1
162,3k1w_500,1
163,213_90N6,1
164,./mh3s,1
165,./cOLI,1
166,./MrTahuSumedang,1
167,./Mr. HanzID,1
168,./Fell Ganns,1
169,DahiM,1
170,E1nzte1N,1
171,EssesCyber7,1
172,Explo!T3r,1
173,RLX-06,1
174,R3V0,1
175,R00T Intrud3r,1
176,Quaxer,1
177,Parker'z Gans,1
178,Myanmar Cyber Pirates,1
179,Mr.Rm19,1
180,Mr.Hydra,1
181,Mr-Cakil,1
182,Mr onion,1
183,Monkey B Luffy,1
184,MR.5T1Y0,1
185,M3sicth,1
186,./Coco,1
187,KING Zer0,1
188,K3L0T3X,1
189,JavidH373,1
190,JavaGhost,1
191,Internal Cyber Team,1
192,Indonesia To World,1
193,ImamKun,1
194,H4m1d Dumpp3r,1
195,FurkanGM,1
196,Fighter Anas,1
197,FakeSmile,1
198,zanakifre,1
